{"cameraMode":{"drawMode":0,"name":"Shaded","section":"Shading Mode"},"sceneLighting":false,"audioPlay":false,"sceneViewState":{"showFog":false,"showMaterialUpdate":false,"showSkybox":false,"showFlares":false,"showImageEffects":false,"showParticleSystems":false},"in2DMode":false,"pivot":{"x":4.209053039550781,"y":3.5697021484375,"z":-2.0798776149749758},"rotation":{"x":-0.20336847007274629,"y":0.6667326092720032,"z":-0.19664718210697175,"w":-0.6895209550857544},"size":29.507511138916017,"orthographic":false}